death_date,name,rank,unit,gender,age,from,story
2023-10-07,יהונתן אהרן שטיינברג,"אל""ם","חטיבת הנח""ל",M,42,קיבוץ שומריה,"מפקד חטיבת הנח""ל."
2023-10-07,עידו אדרי,סגן (במיל'),חיל הרגלים,M,24,גיבתון,קצין בחיל הרגלים.
2023-10-07,אמיר פישר,"רס""ל",חטיבת הקומנדו,M,22,תל אביב,לוחם ביחידת דובדבן.
2023-10-07,עדי גרומן,סמל,חיל הגנת הגבולות,F,19,חגלה,"לוחמת איסוף קרבי בגדוד 414. הועלתה מדרגת רב""ט לדרגת סמל לאחר מותה."
2023-10-07,אור יוסף רן,"רס""ן",חטיבת הקומנדו,M,29,איתמר,"מפקד צוות ביחידת דובדבן. הועלה מדרגת סרן לדרגת רס""ן לאחר מותו."
2023-10-07,חן בוכריס,"רס""ן",חטיבת הקומנדו,M,26,אשדוד,סגן מפקד יחידת מגלן.
2023-10-07,נתנאל יאנג,סמל,חטיבת גולני,M,20,תל אביב-יפו,"לוחם בגדוד 13 שבחטיבת גולני. הועלה מדרגת רב""ט לדרגת סמל לאחר מותו."
2023-10-07,יואב מלייב,סגן,עוצבת סער מגולן (7),M,19,קרית אונו,"סגן קשר""ג בגדוד 77. הועלה מדרגת סג""ם לדרגת סגן לאחר מותו."
2023-10-07,עידו הרוש,"סמ""ר",עוצבת סער מגולן (7),M,21,מצפה רמון,לוחם שריון בגדוד 77 שבעוצבת 'סער מגולן' (7).
2023-10-07,יפתח יעבץ,סרן,חטיבת הקומנדו,M,23,רמת השרון,קצין ביחידת מגלן. הועלה מדרגת סגן לדרגת סרן לאחר מותו.
2023-10-07,נעמה בוני,"רב""ט",עוצבת סער מגולן (7),F,19,עפולה,"מש""קית ת""ש בגדוד 77. הועלתה מדרגת טוראי לדרגת רב""ט לאחר מותה."
2023-10-07,נריה אהרון נגרי,"רב""ט",חטיבת החילוץ וההדרכה,M,18,טלמון,"לוחם חילוץ והצלה בבא""ח העורף. הועלה מדרגת טוראי לדרגת רב""ט לאחר מותו."
2023-10-07,גיא בזק,סמל,חטיבת גולני,M,19,כוכב יאיר,"לוחם בגדוד 51. הועלה מדרגת רב""ט לדרגת סמל לאחר מותו."
2023-10-07,יובל בן יעקב,"סמ""ר",עוצבת סער מגולן (7),M,21,כפר מנחם,לוחם שריון בגדוד 77 שבעוצבת 'סער מגולן' (7).
2023-10-07,עדן אלון לוי,"סמ""ר",חטיבת החילוץ וההדרכה,F,19,נירית,"מ""כית בבא""ח העורף. הועלתה מדרגת סמל לדרגת סמ""ר לאחר מותה."
2023-10-07,דביר לישה,סמל,חטיבת גולני,M,21,ניצן,"לוחם בגדוד 51. הועלה מדרגת רב""ט לדרגת סמל לאחר מותו."
2023-10-07,עומרי ניב פיירשטיין,"סמ""ר",חטיבת החילוץ וההדרכה,M,20,גבעתיים,"לוחם חילוץ והצלה בבא""ח העורף."
2023-10-07,אור מוזס,סרן,חטיבת החילוץ וההדרכה,F,22,אשדוד,"ס' מ""פ בבא""ח העורף. הועלתה מדרגת סגן לדרגת סרן לאחר מותה."
2023-10-07,ינאי קמינקא,סגן,חטיבת החילוץ וההדרכה,M,20,צור הדסה,"מפקד מחלקה בבא""ח העורף. הועלה מדרגת סג""ם לדרגת סגן לאחר מותו."
2023-10-07,אפיק רוזנטל,"סמ""ר",חטיבת הקומנדו,M,20,כפר מנחם,"לוחם ביחידת מגל""ן. הועלה מדרגת סמל לדרגת סמ""ר לאחר מותו."
2023-10-07,סהר ציון מחלוף,"סא""ל",אוגדת עזה,M,36,מודיעין,"מג""ד תקשוב 481."
2023-10-07,אור אסתו,"סמ""ר",חטיבת גולני,M,21,באר שבע,"נגד לוגיסטיקה בגדוד 51. הועלה מדרגת סמל לדרגת סמ""ר לאחר מותו."
2023-10-07,אדר בן סימון,סגן,חטיבת החילוץ וההדרכה,F,20,נווה זיו,"מפקדת מחלקה בבא""ח העורף. הועלתה מדרגת סג""ם לדרגת סגן לאחר מותה."
2023-10-07,אופיר ציוני,"סמ""ר",חטיבת גולני,M,21,יקנעם עילית,"מ""כ בגדוד 51 שבחטיבת גולני. הועלה מדרגת סמל לדרגת סמ""ר לאחר מותו."
2023-10-07,יותם בן בסט,סרן,היחידה הרב-מימדית,M,24,בת חפר,מפקד צוות ביחידה הרב מימדית.
2023-10-07,אדיר עבודי,"רס""ן",חטיבת החילוץ וההדרכה,M,23,מודיעין,"מ""פ בבא""ח העורף. הועלה מדרגת סרן לדרגת רס""ן לאחר מותו."
2023-10-07,ירון זהר,סמל,חטיבת גולני,M,19,קרית אתא,"לוחם בגדוד 13 שבחטיבת גולני. הועלה מדרגת רב""ט לדרגת סמל לאחר מותו."
2023-10-07,יהונתן (ברנש) צור,"סא""ל","חטיבת הנח""ל",M,33,קדומים,"מג""ד סיירת נח""ל."
2023-10-07,איתי אליהו מרציאנו,"סמ""ר",חטיבת הצנחנים,M,20,בית עריף,"סמל מחלקה בבא""ח צנחנים. הועלה מדרגת סמל לדרגת סמ""ר לאחר מותו."
2023-10-07,אברהם חובלאשוילי,"רס""ן",חיל הגנת הגבולות,M,26,אשדוד,"סמג""ד קרקל."
2023-10-07,איתי מאור,סרן,חטיבת גולני,M,23,ראש העין,מפקד מחלקה בגדוד 51 שבחטיבת גולני. הועלה מדרגת סגן לדרגת סרן לאחר מותו.
2023-10-07,אילי גמזו,"סמ""ר",חטיבת הצנחנים,M,20,אשדוד,"מפקד כיתה בבא""ח צנחנים."
2023-10-07,אופיר דוידיאן,"רב""ט",פיקוד העורף,F,18,פטיש,"חיילת בלוגיסטיקה בפיקוד העורף. הועלתה מדרגת טוראי לדרגת רב""ט לאחר מותה."
2023-10-07,אורי לוקר,סמל,חטיבת גולני,M,19,פרדס חנה כרכור,"לוחם בגדוד 51 שבחטיבת גולני. הועלה מדרגת רב""ט לדרגת סמל לאחר מותו."
2023-10-07,אריה שלמה צירינג,"רס""ן",יחידת עוקץ,M,27,רעננה,"מ""פ תקיפה ביחידת עוקץ. הועלה מדרגת סרן לדרגת רס""ן לאחר מותו."
2023-10-07,אהד כהן,"רס""ל",יחידת שלדג,M,20,עידן,"לוחם ביחידת שלדג. הועלה מדרגת סמ""ר לדרגת רס""ל לאחר מותו."
2023-10-07,רועי יוסף לוי,"אל""ם ",היחידה הרב-מימדית,M,44,שבי ציון,מפקד היחידה הרב-מימדית.
2023-10-07,תומר שוהם,סרן,"חטיבת הנח""ל",M,23,שריגים,"מפקד מחלקה בסיירת נח""ל. הועלה מדרגת סגן לדרגת סרן לאחר מותו."
2023-10-07,עידו יהושע,"רס""ן",יחידת שלדג,M,27,איילת השחר,מפקד פלגה ביחידת שלדג.
2023-10-07,עמרי מיכאלי,"רס""ם (במיל')",חטיבת הקומנדו,M,35,נס ציונה,לוחם ביחידת דובדבן.
2023-10-07,ויטלי סקיפקביץ',"רס""ל",חטיבת הקומנדו,M,21,אריאל,לוחם ביחידת אגוז.
2023-10-07,איתמר עיש,סמל,פיקוד העורף,M,19,קרית גת,שירת במחוז דרום של פיקוד העורף
2023-10-07,רום שלומי,סרן,יחידת שלדג,M,23,מושב גנות,מפקד מחלקת סיור ביחידת שלדג. הועלה מדרגת סגן לדרגת סרן לאחר מותו.
2023-10-07,טל גרושקה,"רס""ן","חטיבת הנח""ל",M,25,כפר סבא,"מפקד פלוגה בגדוד 931 שבחטיבת הנח""ל. הועלה מדרגת סרן לדרגת רס""ן לאחר מותו."
2023-10-07,אריאל אליהו,סמל,עוצבת סער מגולן (7),M,19,מצפה יריחו,"לוחם שריון בגדוד 77 שבעוצבת 'סער מגולן' (7). הועלה מדרגת רב""ט לדרגת סמל לאחר מותו."
2023-10-07,גיא שמחי,"סמ""ר",חטיבת הצנחנים,M,20,גדרה,לוחם בסיירת צנחנים.
2023-10-07,אדיר גאורי,סגן,"סיירת מטכ""ל",M,20,ירושלים,"לוחם בסיירת מטכ""ל. הועלה מדרגת סמ""ר לדרגת סגן לאחר מותו."
2023-10-07,רועי וייזר,"סמ""ר",חטיבת גולני,M,21,אפרת,לוחם בגדוד 13 שבחטיבת גולני.
2023-10-07,אור מזרחי,"סמ""ר","חטיבת הנח""ל",M,21,פתח תקווה,"לוחם בסיירת נח""ל."
2023-10-07,עמית גואטה,סמל,חטיבת הקומנדו,M,21,רחובות,"לוחם ביחידת מגלן. הועלה מדרגת רב""ט לדרגת סמל לאחר מותו."
2023-10-07,עידו רוזנטל,"רנ""ג",יחידת שלדג,M,45,בן שמן,"לוחם בשלדג. הועלה מדרגת רס""ב לדרגת רנ""ג לאחר מותו."
2023-10-07,דנית כהן,סמל,פיקוד העורף,F,19,שדרות,"סמב""צית במפקדת מחוז דרום. הועלתה מדרגת רב""ט לדרגת סמל לאחר מותה."
2023-10-07,אהרון פרש,"רס""ם",חיל הטכנולוגיה והאחזקה,M,36,אופקים,"בוחן צ""י בטנ""א מחוז דרום."
2023-10-07,אמיר סקורי,"רס""ן","סיירת מטכ""ל",M,31,ירושלים,"לוחם בסיירת מטכ""ל."
2023-10-07,שילה כהן,סרן,יחידת שלדג,M,24,שדרות,מפקד צוות ביחידת שלדג. הועלה מדרגת סגן לדרגת סרן לאחר מותו.
2023-10-07,אריאל בן משה,"רס""ן","סיירת מטכ""ל",M,27,קריית ביאליק,"מפקד פלוגה בסיירת מטכ""ל."
2023-10-07,ליאור לוי,"רב""ט",פיקוד העורף,F,19,דימונה,"סמב""צית במחוז דרום של פיקוד העורף. הועלתה מדרגת טוראי לדרגת רב""ט לאחר מותה."
2023-10-07,אוראל משה,"סמ""ר",עוצבת סער מגולן (7),M,21,רכסים,"משגיח כשרות בגדוד 77, שבעוצבת סער מגולן."
2023-10-07,עילי בר שדה,סמל,חטיבת גולני,M,19,רמת גן,"לוחם בגדוד 13. הועלה מדרגת רב""ט לדרגת סמל לאחר מותו."
2023-10-07,איתי כהן,סרן,חיל ההנדסה הקרבית,M,22,רחובות,"מפקד צוות ביהל""ם. הועלה מדרגת סגן לדרגת סרן לאחר מותו."
2023-10-07,בן רובינשטיין,"סמ""ר","יחידת הלוט""ר",M,20,הוד השרון,"מדריך לוחם לוט""ר. הועלה מדרגת סמל לדרגת סמ""ר לאחר מותו."
2023-10-07,ירון אורי שי,"סמ""ר","חטיבת הנח""ל",M,21,קדימה צורן,"לוחם בסיירת נח""ל. הועלה מדרגת סמל לדרגת סמ""ר לאחר מותו."
2023-10-07,פלג סאלם,"רס""ן",עוצבת בני-אור (460),M,30,מושב יכיני,קצין לוגיסטיקה של חטיבה 460.
2023-10-07,רועי נגרי,"רס""ן (במיל')","יחידת הלוט""ר",M,28,תל אביב,"מפק""ץ בביה""ס ללוט""ר. הועלה מדרגת סרן (במיל') לדרגת רס""ן (במיל') לאחר מותו."
2023-10-08,יוסף איתמר ברוכים,"סמ""ר",חטיבת הצנחנים,M,20,אשדוד,"רב-סמל פלוגתי בבא""ח צנחנים."
2023-10-07,שירה שוחט,סמל,חיל הגנת הגבולות,F,19,מודיעין מכבים רעות,"תצפיתנית בגדוד איסוף 414, חיל הגנת הגבולות. הועלתה מדרגת רב""ט לדרגת סמל לאחר מותה."
2023-10-07,עמית צור,סמל,חטיבת גולני,M,19,אליכין,"לוחם בגדוד 51. הועלה מדרגת רב""ט לדרגת סמל לאחר מותו."
2023-10-07,ניתאי עמאר,סרן,אוגדת עזה,M,22,עלומים,"ע' קצין הנדסה חטיבתי בחטמ""ר דרומית. הועלה מדרגת סגן לדרגת סרן לאחר מותו."
2023-10-07,אדיר טהר,סמל,חטיבת גולני,M,19,ירושלים,"לוחם בגדוד 13. הועלה מדרגת רב""ט לדרגת סמל לאחר מותו."
2023-10-07,יונתן גוטין,סגן,היחידה הרב-מימדית,M,20,מודיעין-מכבים-רעות,"קצין תקשוב ביחידה הרבמ""ד. הועלה מדרגת סג""ם לדרגת סגן לאחר מותו."
2023-10-07,טשגר טקה,"סמ""ר",חטיבת גולני,M,21,ירושלים,לוחם בגדוד 51 שבחטיבת גולני.
2023-10-07,נוה אלעזר לקס,סגן,"סיירת מטכ""ל",M,21,לוד,"לוחם בסיירת מטכ""ל. הועלה מדרגת סמ""ר לדרגת סגן לאחר מותו."
2023-10-08,אלי גינסברג,"סא""ל","יחידת הלוט""ר",M,42,דברת,"קצין לוחם בשייטת 13, בתפקידו האחרון היה מפקד בי""ס לוט""ר."
2023-10-07,עידן רז,"סמ""ר",חטיבת גולני,M,20,עין המפרץ,"לוחם בגדוד 13 שבחטיבת גולני. הועלה מדרגת סמל לדרגת סמ""ר לאחר מותו."
2023-10-07,רועי פרי,סמל,חטיבת גולני,M,19,שוהם,"לוחם בגדוד 13 שבחטיבת גולני. הועלה מדרגת רב""ט לדרגת סמל לאחר מותו."
2023-10-07,דוד מאיר,"רס""ן (במיל')","סיירת מטכ""ל",M,31,ירושלים,"לוחם בסיירת מטכ""ל. הועלה מדרגת סרן (במיל') לדרגת רס""ן (במיל') לאחר מותו."
2023-10-07,אור מלכה,"סמ""ר",מתאם פעולות הממשלה בשטחים,M,21,עכו,"חייל במתפ""ש. הועלה מדרגת סמל לדרגת סמ""ר לאחר מותו."
2023-10-08,אלכסנדר מאסלי,"סמ""ר",חיל ההנדסה הקרבית,M,21,עפולה,"טכנאי נמ""ר בגדוד 601 בחיל ההנדסה הקרבית."
2023-10-07,רותם דושי,"סמ""ר",חטיבת הצנחנים,M,20,שמשית,"לוחם בחטיבת הצנחנים. הועלה מדרגת סמל לדרגת סמ""ר לאחר מותו."
2023-10-07,ליאור עזיזוב,סמל,חטיבת גולני,M,20,אשקלון,"לוחם בגדוד 13 שבחטיבת גולני. הועלה מדרגת רב""ט לדרגת סמל לאחר מותו."
2023-10-07,עדן נימרי,סרן,חיל התותחנים,F,22,מודיעין,מפקדת צוות ברוכב שמיים (5353) בחיל התותחנים. הועלתה מדרגת סגן לדרגת סרן לאחר מותה.
2023-10-08,תומר דולב,"רס""ר (במיל')",פיקוד העורף,M,34,אשקלון,"לוחם בגדוד בר שבחטיבת החילוץ. הועלה מדרגת רס""ל (במיל') לדרגת רס""ר (במיל') לאחר מותו."
2023-10-07,רועי צ'אפל,"רס""ן","חטיבת הנח""ל",M,25,זכרון יעקב,"מ""פ בסיירת נח""ל. הועלה מדרגת סרן לדרגת רס""ן לאחר מותו."
2023-10-07,אלינה פרבוסודובה,סרן,פיקוד העורף,F,23,חיפה,קצינה במחוז דרום בפיקוד העורף. הועלתה מדרגת סגן לדרגת סרן לאחר מותה.
2023-10-07,טל לוי,"סמ""ר","חטיבת הנח""ל",M,21,ירושלים,"מפקד כיתה בגדוד 50 שבחטיבת הנח""ל."
2023-10-09,עלים עבדאללה,"סא""ל",עוצבת ברעם (300),M,40,יאנוח ג'ת,סגן מפקד עוצבת ברעם.
2023-10-07,עמיחי יעקב ונינו,"סמ""ר",חטיבת הקומנדו,M,22,קצרין,"מפקד כיתה ביחידת מגלן. הועלה מדרגת סמל לדרגת סמ""ר לאחר מותו."
2023-10-07,אופיר טסטה,סמל,עוצבת סער מגולן (7),M,21,ירושלים,"לוחם שריון בגדוד 77 שבעוצבת 'סער מגולן' (7). הועלה מדרגת רב""ט לדרגת סמל לאחר מותו."
2023-10-07,דוד רתנר,"סמ""ר",חטיבת גולני,M,20,אשדוד,לוחם בגדוד 13 שבחטיבת גולני.
2023-10-07,יונתן גולן,"סמ""ר",עוצבת סער מגולן (7),M,21,יהוד מונוסון,מפקד טנק בגדוד 77 שבעוצבת 'סער מגולן' (7).
2023-10-07,הדר קמה,סרן,"סיירת מטכ""ל",M,24,גבעת שפירא,"לוחם בסיירת מטכ""ל."
2023-10-07,הלל שמואל סעדון,"סמ""ר","חטיבת הנח""ל",M,21,מעלה מכמש,"לוחם בסיירת נח""ל. הועלה מדרגת סמל לדרגת סמ""ר לאחר מותו."
2023-10-07,יוגב אהרן,"סמ""ר",חטיבת גולני,M,20,פרדס חנה,לוחם בגדוד 51 שבחטיבת גולני.
2023-10-07,איתי נחמיאס,"סמ""ר",היחידה הרב-מימדית,M,20,ישע,"לוחם ביחידה הרב מימדית. הועלה מדרגת סמל לדרגת סמ""ר לאחר מותו."
2023-10-08,אריאל אוחנה,סמל,חטיבת הצנחנים,M,19,רבדים,"לוחם בגדוד 890 שבחטיבת הצנחנים. הועלה מדרגת רב""ט לדרגת סמל לאחר מותו."
2023-10-07,אריאל ארז,סמל,חטיבת גולני,M,19,עמקה,"לוחם בגדוד 13 שבחטיבת גולני. הועלה מדרגת רב""ט לדרגת סמל לאחר מותו."
2023-10-07,טל כהן,"רס""ן","סיירת מטכ""ל",M,30,גני טל,"לוחם בסיירת מטכ""ל."
2023-10-07,סיון שמחה אסראף,"סמ""ר",החטיבה הצפונית,F,20,אשקלון,"רכזת אמצעי תקשוב. הועלתה מדרגת סמל לדרגת סמ""ר לאחר מותה."
2023-10-07,עמית פלד,"רס""ל",חטיבת הקומנדו,M,21,חיפה,"לוחם ביחידת אגוז. הועלה מדרגת סמ""ר לדרגת רס""ל לאחר מותו."
2023-10-07,עילי עזר,"רב""ט",אוגדת עזה,M,18,תל אביב,"חייל במפקדת אוגדת עזה. הועלה מדרגת טוראי לדרגת רב""ט לאחר מותו."
2023-10-07,יקיר לוי,"סמ""ר",חטיבת גולני,M,21,מורשת,"לוחם בגדוד 13 שבחטיבת גולני. הועלה מדרגת סמ""ל לדרגת סמ""ר לאחר מותו."
2023-10-07,דניאל משה דנינו,"סמ""ר",חטיבת גולני,M,21,חיפה,לוחם בגדוד 13 שבחטיבת גולני.
2023-10-07,דקל סויסה,סרן,חטיבת גולני,M,23,בר-גיורא,מפקד מחלקה בגדוד 13 שבחטיבת גולני. הועלה מדרגת סגן לדרגת סרן לאחר מותו.
2023-10-07,שיר ביטון,סמל,החטיבה הצפונית,F,19,אשדוד,"חובשת בחטיבת צפונית. הועלתה מדרגת רב""ט לדרגת סמל לאחר מותה."
2023-10-07,בנימין לב,"סמ""ר",חטיבת הצנחנים,M,23,ירושלים,"לוחם בגדוד 202 שבחטיבת הצנחנים. הועלה מדרגת סמל לדרגת סמ""ר לאחר מותו."
2023-10-07,יעד בן יעקב,"סמ""ר",חטיבת גולני,M,20,פתח תקווה,לוחם בגדוד 13 שבחטיבת גולני.
2023-10-07,אושר שמעיה,סמל,אוגדת עזה,M,19,באר שבע,"חייל במפקדת אוגדת עזה. הועלה מדרגת רב""ט לדרגת סמל לאחר מותו."
2023-10-07,שיר שלמה,סמל,פיקוד העורף,F,19,נתניה,"סמלת מבצעים במחוז דרום של פיקוד העורף. הועלתה מדרגת רב""ט לדרגת סמל לאחר מותה."
2023-10-07,רז פרץ,"רס""ן",חטיבת גולני,M,24,עפולה,"מפקד הפלס""ם בגדוד 51 שבחטיבת גולני. הועלה מדרגת סרן לדרגת רס""ן לאחר מותו."
2023-10-07,מקס רבינוב,"סמ""ר",חיל הגנת הגבולות,M,21,אשדוד,לוחם בגדוד איסוף 414.
2023-10-07,עידו ישראל שני,"רס""ן","חטיבת הנח""ל",M,29,רמת גן,"סגן מפקד סיירת נח""ל."
2023-10-07,תומר ברק,"סמ""ר",חטיבת גולני,M,20,פתח תקווה,"לוחם בגדוד 13 שבחטיבת גולני. הועלה מדרגת סמל לדרגת סמ""ר לאחר מותו."
2023-10-07,עמרי בלקין,"רס""ר (במיל')","יחידת הלוט""ר",M,25,רמת השרון,"מדריך לוט""ר בביה""ס לוט""ר. הועלה מדרגת רס""ל (במיל') לדרגת רס""ר (במיל') לאחר מותו."
2023-10-07,יוסף מלאכי גדליה,"רס""ל",חטיבת הקומנדו,M,22,ירושלים,לוחם ביחידת דובדבן.
2023-10-07,ראם מאיר בטיטו,סמל,חטיבת גולני,M,19,נתניה,"לוחם בגדוד 51 שבחטיבת גולני. הועלה מדרגת רב""ט לדרגת סמל לאחר מותו."
2023-10-07,עדי צור,"סמ""ר",חטיבת גולני,M,20,ירושלים,לוחם בגדוד 51 שבחטיבת גולני.
2023-10-07,טל ממן,"רס""ם (במיל')",חיל הגנת הגבולות,M,38,מבטחים,"חבר כיתת הכוננות ביישוב. הועלה מדרגת רס""ר (במיל') לדרגת רס""ם (במיל') לאחר מותו."
2023-10-07,ליאור בן יעקב,"רס""ם (במיל')",חיל הגנת הגבולות,M,44,ישע,"סגן רבש""צ היישוב. הועלה מדרגת רס""ר (במיל') לדרגת רס""ם (במיל') לאחר מותו."
2023-10-07,אמיר לביא,סמל,"חטיבת הנח""ל",M,19,ירושלים,"רגם קשת מגדוד 50 שבחטיבת הנח""ל. הועלה מדרגת רב""ט לדרגת סמל לאחר מותו."
2023-10-07,אוריאל סגל,סמל,חטיבת גולני,M,19,פתח תקווה,"טבח בגדוד 51 שבחטיבת גולני. הועלה מדרגת רב""ט לדרגת סמל לאחר מותו."
2023-10-07,שגב שוורץ,סמל,"חטיבת הנח""ל",M,20,בית שאן,"רגם קשת בגדוד 50 שבחטיבת הנח""ל. הועלה מדרגת רב""ט לדרגת סמל לאחר מותו."
2023-10-07,מרדכי שמיר,"רס""ן",חטיבת גולני,M,29,חוות יאיר,קצין לוחם בסיירת גולני.
2023-10-07,אביתר אוחיון,"סמ""ר",חטיבת גולני,M,22,ירושלים,"נהג אמבולנס בגדוד 51 שבחטיבת גולני. הועלה מדרגת סמל לדרגת סמ""ר לאחר מותו."
2023-10-07,אמיר צור,סרן,"סיירת מטכ""ל",M,23,ירושלים,"לוחם בסיירת מטכ""ל. הועלה מדרגת סגן לדרגת סרן לאחר מותו."
2023-10-07,עמית מוסט,"סמ""ר","חטיבת הנח""ל",M,20,מודיעין מכבים רעות,"לוחם בסיירת נח""ל. הועלה מדרגת סמל לדרגת סמ""ר לאחר מותו."
2023-10-07,רועי ברקת,"סמ""ר",חטיבת גולני,M,20,תל אביב,מפקד כיתה בגדוד 13 שבחטיבת גולני.
2023-10-07,אייל קליין,סרן,"חטיבת הנח""ל",M,22,"כפר הרי""ף","לוחם בסיירת נח""ל. הועלה מדרגת סגן לדרגת סרן לאחר מותו."
2023-10-07,יונתן סביצקי,"רס""ל",חטיבת הקומנדו,M,21,מודיעין,"לוחם ביחידת אגוז שבחטיבת הקומנדו. הועלה מדרגת סמ""ר לדרגת רס""ל לאחר מותו."
2023-10-07,רגב אמר,"סמ""ר",חטיבת הצנחנים,M,20,שדה נחמיה,"לוחם בגדוד 101 שבחטיבת הצנחנים. הועלה מדרגת סמל לדרגת סמ""ר לאחר מותו."
2023-10-07,אופיר מלמן,"סמ""ר","חטיבת הנח""ל",M,21,ניר יצחק,"לוחם בסיירת נח""ל. הועלה מדרגת סמל לדרגת סמ""ר לאחר מותו."
2023-10-07,סהר סעודין,סרן,מערך ההגנה האווירית,F,21,ראש העין,לוחמת במערך ההגנה האווירית. הועלתה מדרגת סגן לדרגת סרן לאחר מותה.
2023-10-09,אביחי אמסלם,"רס""ר (במיל')",עוצבת חצי האש (551),M,30,חדרה,"לוחם בגדוד 7008 שבעוצבת חצי האש. הועלה מדרגת רס""ל (במיל') לדרגת רס""ר (במיל') לאחר מותו."
2023-10-07,דוד מיטלמן,סמל,חטיבת גולני,M,20,מודיעין עילית,"לוחם בגדוד 51 שבחטיבת גולני. הועלה מדרגת רב""ט לדרגת סמל לאחר מותו."
2023-10-07,נהוראי סעיד,"סמ""ר",חטיבת כפיר,M,21,אופקים,"לוחם בגדוד 92 שבחטיבת כפיר. הועלה מדרגת סמל לדרגת סמ""ר לאחר מותו."
2023-10-07,בר רוזנשטיין,"סמ""ר",חטיבת גולני,M,20,ראשון לציון,"לוחם בגדוד 51 שבחטיבת גולני. הועלה מדרגת סמל לדרגת סמ""ר לאחר מותו."
2023-10-07,שלו ברנס,"סמ""ר",חטיבת גולני,M,20,כפר ברוך,"לוחם בגדוד 13 שבחטיבת גולני. הועלה מדרגת סמל לדרגת סמ""ר לאחר מותו."
2023-10-07,אוריאל ביבי,"רס""ן",חטיבת הצנחנים,M,30,שלומית,קצין לוחם בגדוד 202 שבחטיבת הצנחנים.
2023-10-07,אלעד מיכאל ששון,"רס""ל",חטיבת הקומנדו,M,21,מוצא עילית,"לוחם ביחידת אגוז. הועלה מדרגת סמ""ר לדרגת רס""ל לאחר מותו."
2023-10-07,סלמאן אבן מרעי,"רס""ם",החטיבה הדרומית,M,41,שגב שלום,גשש בחטיבה הדרומית באוגדת עזה.
2023-10-09,יובל הליבני,סרן (במיל'),עוצבת חצי האש (551),M,30,משגב דב,לוחם בגדוד 7008.
2023-10-07,נתן חי ליאר,סמל,חטיבת כפיר,M,20,נתניה,"לוחם בגדוד דוכיפת (94) שבחטיבת כפיר. הועלה מדרגת רב""ט לדרגת סמל לאחר מותו."
2023-10-09,איתן מנחם נאמן,"רס""ן (במיל')",עוצבת חצי האש (551),M,44,טנא,רופא לוחם בגדוד 7008.
2023-10-07,לביא בוחניק,סמל,חטיבת הצנחנים,M,20,פדויים,"לוחם בגדוד 101 שבחטיבת הצנחנים. הועלה מדרגת רב""ט לדרגת סמל לאחר מותו."
2023-10-07,ישראל עמיחי ויצן,"רס""ר (במיל')",חיל הגנת הגבולות,M,33,כרם שלום,חבר כיתת כוננות ביישוב.
2023-10-07,ברנדו דוד פלורס גרסיה,"סמ""ר",החטיבה הדרומית,M,21,באר שבע,"נהג בחטיבה הדרומית באוגדת עזה. הועלה מדרגת סמל לדרגת סמ""ר לאחר מותו."
2023-10-07,תומר נגר,סמל,חטיבת גולני,M,20,אזור,"לוחם בגדוד 51 שבחטיבת גולני. הועלה מדרגת רב""ט לדרגת סמל לאחר מותו."
2023-10-07,נועם אלימלך רוטנברג,"סמ""ר",פיקוד ההכשרות והאימונים,M,24,באר שבע,"מתכנת במפקדת פיקוד ההכשרות והאימונים. הועלה מדרגת סמל לדרגת סמ""ר לאחר מותו."
2023-10-07,רון צרפתי,סרן,מערך הבקרה האווירית,F,22,חדרה,קצינת אבטחה במערך הבקרה האווירית. הועלתה מדרגת סגן לדרגת סרן לאחר מותה.
2023-10-07,מיכאל בן חמו,"סמ""ר",חטיבת גולני,M,21,רחובות,מפקד כיתה בגדוד 51 שבחטיבת גולני.
2023-10-07,אורי מרדכי שני,סרן,חטיבת גולני,M,22,קריית ארבע,מפקד מחלקה בגדוד 51 שבחטיבת גולני. הועלה מדרגת סגן לדרגת סרן לאחר מותו.
2023-10-07,בר יענקלוב,סמל,חטיבת הצנחנים,M,19,כרמיאל,"לוחם בגדוד 101 שבחטיבת הצנחנים. הועלה מדרגת רב""ט לדרגת סמל לאחר מותו."
2023-10-07,אברהם נריה כהן,"סמ""ר",אוגדת עזה,M,20,ירושלים,"חייל במפקדת אוגדת עזה. הועלה מדרגת סמל לדרגת סמ""ר לאחר מותו."
2023-10-07,שי אשרם,סמל,חיל הגנת הגבולות,F,19,רחובות,"בקרית איסוף יבשתי בגדוד 414. הועלתה מדרגת רב""ט לדרגת סמל לאחר מותה."
2023-10-09,גלעד מולכו,"רס""ר (במיל')",עוצבת ברעם (300),M,33,תל אביב,"נהרג בהיתקלות עם מחבלים שחדרו מגבול לבנון. הועלה מדרגת רס""ל (במיל') לדרגת רס""ר (במיל') לאחר מותו."
2023-10-09,ג'ואד עאמר,"רס""ל",עוצבת ברעם (300),M,23,חורפייש,"מנהל שטח אש, נהרג בהיתקלות עם מחבלים שחדרו מגבול לבנון."
2023-10-07,בן ברונשטיין,"רס""ן",חטיבת הקומנדו,M,24,חולון,"לוחם ביחידת דובדבן. הועלה מדרגת סרן לדרגת רס""ן לאחר מותו."
2023-10-07,ידידיה משה רזיאל,"רס""ר (במיל')",חיל הגנת הגבולות,M,31,כרם שלום,"חבר כיתת הכוננות ביישוב. הועלה מדרגת רס""ל (במיל') לדרגת רס""ר (במיל') לאחר מותו."
2023-10-10,עמיחי שמעון רובין,סמל,חטיבת גולני,M,23,עכו,"לוחם בגדוד 51 שבחטיבת גולני. הועלה מדרגת רב""ט לדרגת סמל לאחר מותו."
2023-10-07,בכור סויד,"רס""ר (במיל')",חיל הגנת הגבולות,M,32,שלומית,חבר כיתת הכוננות ביישוב.
2023-10-07,אמיל סמוילוב,סמל,מתאם פעולות הממשלה בשטחים,M,22,חיפה,"מאבטח מתקנים במתפ""ש. הועלה מדרגת רב""ט לדרגת סמל לאחר מותו."
2023-10-07,נועם אברמוביץ,"רב""ט",חיל הגנת הגבולות,F,19,גבעת ברנר,"בקרית איסוף יבשתי בגדוד 414. הועלתה מדרגת טוראי לדרגת רב""ט לאחר מותה."
2023-10-07,סהר מידאני,"סמ""ר",חטיבת גולני,M,20,קריית עקרון,"לוחם בגדוד 13 שבחטיבת גולני. הועלה מדרגת סמל לדרגת סמ""ר לאחר מותו."
2023-10-07,תומר יעקב מזרחי,"סמ""ר","חטיבת הנח""ל",M,21,הושעיה,"לוחם בסיירת הנח""ל."
2023-10-07,איתמר כהן,סמל,חטיבת גולני,M,19,כרמיאל,"לוחם בגדוד 13 שבחטיבת גולני. הועלה מדרגת רב""ט לדרגת סמל לאחר מותו."
2023-10-07,דביר זכאי,"סמ""ר",חטיבת גולני,M,20,טבריה,לוחם בגדוד 13 שבחטיבת גולני.
2023-10-07,עילי זיסר,"רס""ן","סיירת מטכ""ל",M,27,גבעת אלה,"לוחם בסיירת מטכ""ל."
2023-10-07,עידו ביננשטוק,סמל,חטיבת גולני,M,19,רמת גן,"לוחם בגדוד 13 שבחטיבת גולני. הועלה מדרגת רב""ט לדרגת סמל לאחר מותו."
2023-10-07,דולב אמויאל,"סמ""ר",חטיבת גולני,M,21,נתניה,לוחם בגדוד 13 שבחטיבת גולני.
2023-10-07,שמעון אלרואי בן שטרית,"סמ""ר",חיל הגנת הגבולות,M,20,בית שאן,"לוחם איסוף בגדוד 414 שבחיל הגנת הגבולות. הועלה מדרגת סמל לדרגת סמ""ר לאחר מותו."
2023-10-07,יונתן אלעזרי,"רב""ט",חטיבת הצנחנים,M,19,אלון שבות,"לוחם בהכשרה בבא""ח צנחנים. הועלה מדרגת טוראי לדרגת רב""ט לאחר מותו."
2023-10-07,איתי יהודה באוסי,"רס""ל",חטיבת הקומנדו,M,22,קבוצת יבנה,לוחם קומנדו ביחידת דובדבן.
2023-10-07,אדם אגמון,"סמ""ר","חטיבת ביסל""ח",M,21,כמון,"מפקד כיתה בגדוד 450 שבביסל""ח. הועלה מדרגת סמל לדרגת סמ""ר לאחר מותו."
2023-10-07,אביעד רבלין,"סמ""ר",החטיבה הטכנולוגית ליבשה,M,23,עתניאל,"חייל בחטיבה הטכנולוגית ליבשה. הועלה מדרגת סמל לדרגת סמ""ר לאחר מותו."
2023-10-07,ראובן שישפורטיש,"רס""ם (במיל')",חיל הגנת הגבולות,M,36,שלומית,חבר בכיתת הכוננות ביישוב.
2023-10-07,מיה ויאלובו פולו,"רב""ט",חיל הגנת הגבולות,F,19,גבעתיים,"בקרית איסוף יבשתי בגדוד 414 שבחיל הגנת הגבולות. הועלתה מדרגת טוראי לדרגת רב""ט לאחר מותה."
2023-10-09,אביאל מלקמו,"רס""ל",חטיבת הקומנדו,M,21,קריית אתא,"לוחם קומנדו ביחידת אגוז. הועלה מדרגת סמ""ר לדרגת רס""ל לאחר מותו."
2023-10-07,דור ירחי,"סמ""ר",חטיבת גולני,M,21,ראשון לציון,לוחם בגדוד 13 שבחטיבת גולני.
2023-10-07,דניאל שפרבר,"סמ""ר",חיל הגנת הגבולות,M,20,יהוד מונוסון,"לוחם איסוף בגדוד 414 שבחיל הגנת הגבולות. הועלה מדרגת סמל לדרגת סמ""ר לאחר מותו."
2023-10-07,שיראל מור,סמל,חיל הגנת הגבולות,F,19,רעננה,"בקרית איסוף יבשתי בגדוד 414 שבחיל הגנת הגבולות. הועלתה מדרגת רב""ט לדרגת סמל לאחר מותה."
2023-10-11,יובל יפה,סגן,עוצבת סער מגולן (7),M,21,צופית,"מפקד מחלקה בגדוד 196 שבעוצבת 'סער מגולן' (7). הועלה מדרגת סג""ם לדרגת סגן לאחר מותו."
2023-10-07,יוחאי דוכן,סגן,חטיבת גולני,M,26,קריית ארבע,"מפקד מחלקה בגדוד 13 שבחטיבת גולני. הועלה מדרגת סג""ם לדרגת סגן לאחר מותו."
2023-10-07,שילה ראוכברגר,סרן,חטיבת גולני,M,23,עלי,מפקד מחלקה בגדוד 51 שבחטיבת גולני. הועלה מדרגת סגן לדרגת סרן לאחר מותו.
2023-10-08,אופק רוסו,"רס""ל",שייטת 13,M,21,קדימה צורן,"צוללן לוחם בשייטת 13. הועלה מדרגת סמ""ר לדרגת רס""ל לאחר מותו."
2023-10-07,עידן באלוי,סרן,חטיבת גולני,M,21,ראשון לציון,קצין הקשר הגדודי של גדוד 13 שבחטיבת גולני. הועלה מדרגת סגן לדרגת סרן לאחר מותו.
2023-10-07,שיר אילת,סרן,חיל הגנת הגבולות,F,20,כפר שמואל,מפקדת מחלקה בגדוד 414 שבחיל הגנת הגבולות. הועלתה מדרגת סגן לדרגת סרן לאחר מותה.
2023-10-07,עילי נועם בן מוחה,סמל,חטיבת גולני,M,20,אשדוד,"לוחם בגדוד 51 שבחטיבת גולני. הועלה מדרגת רב""ט לדרגת סמל לאחר מותו."
2023-10-07,אביב חג'ג',סמל,חיל הגנת הגבולות,F,19,גילת,"בקרית איסוף יבשתי מגדוד 414 שבחיל הגנת הגבולות. הועלתה מדרגת רב""ט לדרגת סמל לאחר מותה."
2023-10-08,שגיא גולן,"רס""ן","יחידת הלוט""ר",M,30,רעננה,"קצין בבית הספר ללוט""ר. הועלה מדרגת סרן לדרגת רס""ן לאחר מותו."
2023-10-07,נאור סיבוני,"סמ""ר",חטיבת גולני,M,20,גילת,"לוחם בגדוד 13 שבחטיבת גולני. הועלה מדרגת סמל לדרגת סמ""ר לאחר מותו."
2023-10-07,שירת ים עמר,"רב""ט",חיל הגנת הגבולות,F,18,קרית אונו,"בקרית איסוף יבשתי בגדוד 414 שבחיל הגנת הגבולות. הועלתה מדרגת טוראי לדרגת רב""ט לאחר מותה."
2023-10-07,לירן מונס אלמוסנינו,"רס""ם (במיל')","יחידת הלוט""ר",M,42,כמהין,"לוחם צוות התערבות לוט""ר ניצנה. הועלה מדרגת רס""ר (במיל') לדרגת רס""ם (במיל') לאחר מותו."
2023-10-09,רועי נהרי,סרן,חטיבת הצנחנים,M,23,אורה,מפקד מחלקה בגדוד 202 שבחטיבת הצנחנים. הועלה מדרגת סגן לדרגת סרן לאחר מותו.
2023-10-07,קארין שוורצמן,סמל,זרוע האוויר והחלל,F,20,חולון,"טכנאית מערכות הספק ובקרה בלהק ציוד בזרוע האוויר. הועלתה מדרגת רב""ט לדרגת סמל לאחר מותה."
2023-10-07,שמעון לוגאסי,סמל,חיל הגנת הגבולות,M,19,עכו,"לוחם איסוף בגדוד 414 שבחיל הגנת הגבולות. הועלה מדרגת רב""ט לדרגת סמל לאחר מותו."
2023-10-07,ולנטין (אלי) גנסיה,"סמ""ר",חטיבת הצנחנים,M,22,ירושלים,"לוחם בגדוד 890 שבחטיבת צנחנים. הועלה מדרגת סמל לדרגת סמ""ר לאחר מותו."
2023-10-07,נתיב קוצרו,סמל,מערך ההגנה האווירית,M,21,מעלה אדומים,"טכנאי שו""ב ומשגר בגדוד 947 שבמערך ההגנה האווירית. הועלה מדרגת רב""ט לדרגת סמל לאחר מותו."
2023-10-07,ברק יעקב בן דוד,"סמ""ר",חטיבת גולני,M,19,דימונה,"לוחם בגדוד 13 שבחטיבת גולני. הועלה מדרגת סמל לדרגת סמ""ר לאחר מותו."
2023-10-07,לידור מקייס,"רב""ט",מתאם פעולות הממשלה בשטחים,M,19,אופקים,"מש""ק לוגיסטיקה ביחידת מתפ""ש. הועלה מדרגת טוראי לדרגת רב""ט לאחר מותו."
2023-10-07,בנימין גבריאל יונה,סמל,מערך ההגנה האווירית,M,19,ירושלים,"נהג משא כבד בגדוד 947 שבמערך ההגנה האווירית. הועלה מדרגת רב""ט לדרגת סמל לאחר מותו."
2023-10-07,איתי אופק גליסקו,"סמ""ר",חטיבת גולני,M,20,יקנעם עילית,"לוחם בגדוד 13 שבחטיבת גולני. הועלה מדרגת סמל לדרגת סמ""ר לאחר מותו."
2023-10-07,אילן פיורנטינו,"רס""ם (במיל')",חיל הגנת הגבולות,M,38,נחל עוז,"רבש""צ נחל עוז."
2023-10-07,אור אביטל,סמל,עוצבת סער מגולן (7),M,20,מרום גולן,"לוחם שריון בגדוד 77 שבעוצבת 'סער מגולן' (7). הועלה מדרגת רב""ט לדרגת סמל לאחר מותו."
2023-10-07,דניאל קסבצ׳וק,"סמ""ר",חיל הטכנולוגיה והאחזקה,M,21,שדרות,טכנאי אלקטרומכניקה ביחידת מורן
2023-10-07,הדר מרים כהן,"רב""ט",חיל הגנת הגבולות,F,18,זיתן,"בקרית איסוף יבשתי בגדוד 414 שבחיל הגנת הגבולות. הועלתה מדרגת טוראי לדרגת רב""ט לאחר מותה."
2023-10-07,מתן מלכה,סמל,חטיבת הצנחנים,M,19,גשר הזיו,"לוחם בגדוד 101 שבחטיבת הצנחנים. הועלה מדרגת רב""ט לדרגת סמל לאחר מותו."
2023-10-07,סהר טל,סגן,מערך מודיעין השדה,M,20,צרעה,"קצין מודיעין בגדוד 77 שבחטיבה 7. הועלה מדרגת סג""ם לדרגת סגן לאחר מותו."
2023-10-07,יעל לייבושור,סמל,חיל הגנת הגבולות,F,20,גיאה,"בקרית איסוף יבשתי בגדוד 414 שבחיל הגנת הגבולות. הועלתה מדרגת רב""ט לדרגת סמל לאחר מותה."
2023-10-07,דביר חיים רסלר,"סמ""ר",חטיבת גולני,M,21,קדומים,"לוחם בגדוד 51 שבחטיבת גולני. הועלה מדרגת סמל לדרגת סמ""ר לאחר מותו."
2023-10-07,חביב קיעאן,סמל,חטיבת גולני,M,21,חורה,"לוחם בגדוד 13 שבחטיבת גולני. הועלה מדרגת רב""ט לדרגת סמל לאחר מותו."
2023-10-07,נועה פרייס,"סמ""ר",חיל הגנת הגבולות,F,20,מבועים,"בקרית איסוף יבשתי בגדוד 414 שבחיל הגנת הגבולות. הועלתה מדרגת סמל לדרגת סמ""ר לאחר מותה."
2023-10-07,אביעד גד כהן,"רס""ם (במיל')",חיל הגנת הגבולות,M,41,שלומית,חבר כיתת הכוננות ביישוב.
2023-10-07,ירין מארי פלד,"סמ""ר",אוגדת עזה,F,20,בארי,"חובשת בחטיבה צפונית. הועלתה מדרגת סמל לדרגת סמ""ר לאחר מותה."
2023-10-08,נריה בן דוד,"סמ""ר",חיל ההנדסה הקרבית,M,22,חיפה,"מפקד כיתה בגדוד 603 שבחיל ההנדסה הקרבית. הועלה מדרגת סמל לדרגת סמ""ר לאחר מותו."
2023-10-07,אמיר איל,סמל,חיל הגנת הגבולות,M,19,חיפה,"לוחם איסוף בגדוד 414 שבחיל הגנת הגבולות. הועלה מדרגת רב""ט לדרגת סמל לאחר מותו."
2023-10-07,ישי פיטוסי,"סמ""ר",חטיבת גולני,M,21,טלמון,לוחם בגדוד 13 שבחטיבת גולני.
2023-10-07,שהם בר,"סמ""ר",חטיבת גולני,M,21,אחוזת ברק,נגד לוגיסטיקה במפקדת חטיבת גולני.
2023-10-07,נועם סלוטקי,"רס""ם (במיל')",עוצבת המפץ,M,31,ירושלים,"חובש קרבי בגדוד 221 שבחטיבת כרמלי. הועלה מדרגת רס""ר (במיל') לדרגת רס""ם (במיל') לאחר מותו."
2023-10-07,בועז מנשה יוגב,סמל,אוגדת עזה,M,19,טלמון,"טכנאי מערכות הגנה בחטיבה צפונית. הועלה מדרגת רב""ט לדרגת סמל לאחר מותו."
2023-10-07,שחף ניסני,"סמ""ר",חיל הגנת הגבולות,F,20,אשקלון,"בקרית איסוף יבשתי בגדוד 414 שבחיל הגנת הגבולות. הועלתה מדרגת סמל לדרגת סמ""ר לאחר מותה."
2023-10-07,איליי עדני,סרן,חטיבת הקומנדו,M,21,תל מונד,מפקד מחלקה ביחידת מגלן שבחטיבת הקומנדו. הועלה מדרגת סגן לדרגת סרן לאחר מותו.
2023-10-09,אופיר ירוחין,סמל,חטיבת גולני,M,19,גבעת שמואל,"לוחם בגדוד 13 שבחטיבת גולני. הועלה מדרגת רב""ט לדרגת סמל לאחר מותו."
2023-10-11,איתי שלמה מורנו,"רס""ר (במיל')",חטיבת הקומנדו,M,24,אדרת,"לוחם ביחידת מגלן שבחטיבת הקומנדו. הועלה מדרגת רס""ל (במיל') לדרגת רס""ר (במיל') לאחר מותו."
2023-10-11,מתניה אלסטר,"רס""ל (במיל')",חטיבת כרמלי,M,23,שדה אילן,"לוחם בגדוד 221 שבחטיבת כרמלי. הועלה מדרגת סמ""ר (במיל') לדרגת רס""ל (במיל') לאחר מותו."
2023-10-07,אופק ארביב,"סמ""ר",חטיבת הצנחנים,M,21,בת ים,לוחם בגדוד 101 שבחטיבת הצנחנים.
2023-10-11,דניאל קסטיאל,"רס""ר (במיל')",חטיבת הקומנדו,M,24,בית שמש,"לוחם ביחידת מגלן שבחטיבת הקומנדו. הועלה מדרגת רס""ל (במיל') לדרגת רס""ר (במיל') לאחר מותו."
2023-10-07,אמיר נעים,"רס""ן (במיל')",חיל הגנת הגבולות,M,27,ארז,"חבר בכיתת הכוננות ביישוב. הועלה מדרגת סרן (במיל') לדרגת רס""ן (במיל') לאחר מותו."
2023-10-07,עומר וולף,סרן,חטיבת גולני,M,22,גבעת חיים (מאוחד),סגן מפקד פלוגה בגדוד 51 שבחטיבת גולני. הועלה מדרגת סגן לדרגת סרן לאחר מותו.
2023-10-07,ישי סלוטקי,"רס""ר",חטיבת עודד,M,24,באר שבע,"לוחם בגדוד 7006 שבחטיבת עודד. הועלה מדרגת רס""ל לדרגת רס""ר לאחר מותו."
2023-10-07,מתן אברג'יל,סמל,חטיבת גולני,M,19,חרמש,לוחם בגדוד 13 שבחטיבת גולני
2023-10-07,עדו חוברה,"רס""ן (במיל')",חיל הגנת הגבולות,M,36,סופה,חבר בכיתת הכוננות ביישוב.
2023-10-07,עידן ברוך,"רב""ט",חיל החינוך,M,20,בארי,"מש״ק הוראה בבה״ד החינוך. הועלה מדרגת טוראי לדרגת רב""ט לאחר מותו."
2023-10-07,שילה הר-אבן,"רס""ן",חטיבת גולני,M,25,עלמון,"מפקד פלוגה בגדוד 13 שבחטיבת גולני. הועלה מדרגת סרן לדרגת רס""ן לאחר מותו."
2023-10-07,אור מזרחי,"סמ""ר",חיל הגנת הגבולות,M,20,רמת גן,"לוחם בגדוד 414 שבחיל הגנת הגבולות. הועלה מדרגת סמל לדרגת סמ""ר לאחר מותו."
2023-10-07,נטע בר עם,"סמ""ר",חיל הגנת הגבולות,M,21,חדרה,לוחם בגדוד 414 שבחיל הגנת הגבולות.
2023-10-07,מארו אלם,"סמ""ר",חטיבת גולני,M,20,אשקלון,"לוחם בגדוד 51 שבחטיבת גולני. הועלה מדרגת סמל לדרגת סמ""ר לאחר מותו."
2023-10-07,נהוראי לוי אמיתי,"סמ""ר",חטיבת גולני,M,20,רינתיה,מפקד כיתה בגדוד 13 שבחטיבת גולני.
2023-10-07,אדיר אישטו בוגלה,"סמ""ר",חטיבת גולני,M,20,אריאל,"לוחם בגדוד 13 שבחטיבת גולני. הועלה מדרגת סמל לדרגת סמ""ר לאחר מותו."
2023-10-08,אלחנן מאיר קלמנזון,סרן (במיל'),חיל הגנת הגבולות,M,41,עתניאל,קצין במפקדת אוגדת יהודה ושומרון.
2023-10-08,בנימין (בנג'י) טרקינסקי,"רס""ן",עוצבת סער מגולן (7),M,32,תל אביב,"קצין אג""ם בעוצבת 'סער מגולן' (7)."
2023-10-07,גלי רועי שקותאי,"סמ""ר","חטיבת הנח""ל",M,21,צופר,"לוחם בסיירת הנח""ל. הועלה מדרגת סמל לדרגת סמ""ר לאחר מותו."
2023-10-07,נדב ביטון,"סמ""ר",חטיבת כפיר,M,20,אופקים,לוחם בגדוד 90 שבחטיבת כפיר.
2023-10-07,שוהם שלמה נידם,סמל,חטיבת גולני,M,19,קרית שמונה,"טכנאי בגדוד 13 שבחטיבת גולני. הועלה מדרגת רב""ט לדרגת סמל לאחר מותו."
2023-10-09,יותם הלל,סמל,"חטיבת הנח""ל",M,19,ברקת,"לוחם בסיירת הנח""ל. הועלה מדרגת רב""ט לדרגת סמל לאחר מותו."
2023-10-07,דור לזימי,"סמ""ר",חטיבת גולני,M,21,כפר תבור,מפקד כיתה בגדוד 13 שבחטיבת גולני.
2023-10-08,ליאון בר (בן מוחה),"אל""ם (במיל')",אוגדת יהודה ושומרון,M,53,גדרה,"קצין בכיר באוגדת איו""ש."
2023-10-07,ענר אליקים שפירא,"סמ""ר","חטיבת הנח""ל",M,22,ירושלים,"לוחם בסיירת נח""ל, חטיבת הנח""ל."
2023-10-07,שלמה רשטניקוב,"סמ""ר",חטיבת גולני,M,20,חיפה,"לוחם בגדוד 51, חטיבת גולני."
2023-10-07,דניאל בזגודוב,"סמ""ר","חטיבת הנח""ל",M,22,עפולה,"לוחם בסיירת נח""ל, חטיבת הנח""ל."
2023-10-07,אברהם חננאל הנדי,סרן (במיל'),חיל הגנת הגבולות,M,37,כפר עזה,"סגן רבש""ץ בכפר עזה."
2023-10-07,נחמן דקל,סמל,"חטיבת הנח""ל",M,20,עמנואל,"לוחם בגדוד 50, חטיבת הנח""ל. הועלה מדרגת רב""ט לדרגת סמל לאחר מותו."
2023-10-07,אורי כרמי,"סמ""ר",חטיבת גולני,M,20,ראשון לציון,"לוחם בגדוד 13, חטיבת גולני. הועלה מדרגת סמ""ל לדרגת סמ""ר לאחר מותו."
2023-10-07,בנימין בלאי,"סמ""ר",חטיבה דרומית,M,20,רחובות,"נהג בחטיבה הדרומית. הועלה מדרגת סמל לדרגת סמ""ר לאחר מותו."
2023-10-07,איתי אברהם רון,"סמ""ר",חטיבת גולני,M,20,נס ציונה,לוחם בגדוד 13 שבחטיבת גולני.
2023-10-07,חיים ישורון כצמן,"רס""ר (במיל')",חיל הגנת הגבולות,M,32,חולית,"חבר כיתת הכוננות ביישוב. הועלה מדרגת רס""ל (במיל') לדרגת רס""ר (במיל') לאחר מותו."
2023-10-07,רואי חיים גורי,"סמ""ר",חטיבת גולני,M,21,אופקים,"לוחם בסיירת חטיבת גולני. הועלה מדרגת סמל לדרגת סמ""ר לאחר מותו."
2023-10-07,גיא אדמוני,סרן,אגף המודיעין,M,25,כפר עזה,קצין באגף המודיעין.
2023-10-07,ים גולדשטיין אלמוג,"סמ""ר",אגף התקשוב,F,20,כפר עזה,"מפקדת כיתת טירונים בבה""ד 7, אגף התקשוב. הועלתה מדרגת סמל לדרגת סמ""ר לאחר מותה."
2023-10-07,תומר ליבוביץ,סמל,עוצבת סער מגולן (7),M,19,תל אביב,"לוחם שריון בגדוד 75 שבעוצבת 'סער מגולן' (7). הועלה מדרגת רב""ט לדרגת סמל לאחר מותו."
2023-10-07,נוי שוש,"רס""ן (במיל')",עוצבת יפתח,M,36,בארי,"מפקד פלוגת טנ""א בגדוד 8112 בחיל השיריון."
2023-10-07,גיל בויום,"רס""ב (במיל')",חיל הגנת הגבולות,M,55,בארי,חבר כיתת כוננות ביישוב.
2023-10-07,שחף ברגשטיין,"רס""ם (במיל')",חטיבת עציוני,M,33,כפר עזה,"לוחם בגדס""ר 6408 שבחטיבת עציוני. הועלה מדרגת רס""ר (במיל') לדרגת רס""ם (במיל') לאחר מותו."
2023-10-07,רותם קוץ,סמל,אגף התקשוב,F,18,כפר עזה,"מפקדת כיתת טירונים בבה""ד 7, אגף התקשוב. הועלתה מדרגת רב""ט לדרגת סמל לאחר מותה."
2023-10-07,אושר שמחה ברזילי,סמל,אוגדת עזה,F,19,מזכרת בתיה,"סמלת מבצעים בחטיבה הצפונית. הועלתה מדרגת רב""ט לדרגת סמל לאחר מותה."
2023-10-13,יעקב נדלין,סרן (במיל'),אוגדת יהודה ושומרון,M,36,אור עקיבא,לוחם בגדוד 7037 בחטיבת שומרון.
2023-10-07,יפתח גורני,סרן (במיל'),"יחידת הלוט""ר",M,51,באר מילכה,"לוחם צוות התערבות לוט""ר ניצנה."
2023-10-07,שחר צמח,"רס""ם (במיל')",חיל הגנת הגבולות,M,39,בארי,"חבר כיתת הכוננות ביישוב. הועלה מדרגת רס""ר (במיל') לדרגת רס""ם (במיל') לאחר מותו."
2023-10-07,עמרי פרץ,"סמ""ר","חטיבת ביסל""ח",M,20,אליכין,"מפקד כיתה בגדוד 450 שבביסל""ח. הועלה מדרגת סמל לדרגת סמ""ר לאחר מותו."
2023-10-12,עדי אודיה ברוך,"סמ""ר (במיל')",חטיבה מרחבית יהודה,F,22,קרית נטפים,"סמלת מבצעים בחטיבה מרחבית יהודה. הועלתה מדרגת סמל (במיל') לדרגת סמ""ר (במיל') לאחר מותה."
2023-10-07,עדי לנדמן,"סמ""ר",חיל הגנת הגבולות,F,19,יקנעם עילית,"תצפיתנית בגדוד 414, חיל הגנת הגבולות. הועלתה מדרגת סמל לדרגת סמ""ר לאחר מותה."
2023-10-07,דן אסולין,"רס""ר (במיל')",חיל הגנת הגבולות,M,38,מבטחים,"רבש""ץ ביישוב."
2023-10-09,דור שדה,סרן,חטיבת גבעתי,M,22,ערוגות,מפקד מחלקה בגדוד צבר שבחטיבת גבעתי. הועלה מדרגת סגן לדרגת סרן לאחר מותו.
2023-10-07,עדי בהרב רבינוביץ,סרן (במיל'),חיל הגנת הגבולות,M,62,נתיב העשרה,חבר כיתת כוננות ביישוב.
2023-10-07,איברהים ח'רובה,"רס""ב",חיל הגנת הגבולות,M,39,מע'אר,"גשש בחטיבה הצפונית באוגדת עזה. הועלה מדרגת רס""ם לדרגת רס""ב לאחר מותו."
2023-10-07,איתמר בן יהודה,"סמ""ר",חטיבת גולני,M,21,רחובות,"חובש קרבי וסמל מחלקת מרגמות בגדוד 13, חטיבת גולני."
2023-10-07,אברהם פליישר,"רנ""ג (במיל')",חיל הגנת הגבולות,M,63,מגן,"חבר כיתת הכוננות ביישוב. הועלה מדרגת רס""ב (במיל') לדרגת רנ""ג (במיל') לאחר מותו."
2023-10-07,אביב ברעם,"רס""ם (במיל')",חיל הגנת הגבולות,M,33,כפר עזה,"חבר בכיתת הכוננות ביישוב. הועלה מדרגת רס""ר (במיל') לדרגת רס""ם (במיל') לאחר מותו."
2023-10-07,גיל אביטל,"רס""ם (במיל')",חיל הגנת הגבולות,M,56,ישע,חבר בכיתת הכוננות ביישוב.
2023-10-07,סער מרגוליס,"רס""ם (במיל')",חיל הגנת הגבולות,M,37,כיסופים,"חבר כיתת הכוננות ביישוב. הועלה מדרגת רס""ר (במיל') לדרגת רס""ם (במיל') לאחר מותו."
2023-10-07,אליסף בן פורת,"סמ""ר",חיל הלוגיסטיקה,M,21,צפת,"טבח בגדוד 411, חטיבת האש. הועלה מדרגת סמל לדרגת סמ""ר לאחר מותו."
2023-10-07,אופק ארזי,"רס""ל (במיל')",חיל הגנת הגבולות,M,28,ניר יצחק,"חבר כיתת הכוננות ביישוב. הועלה מדרגת סמ""ר (במיל') לדרגת רס""ל (במיל') לאחר מותו."
2023-10-07,שחר אביאני,"רס""ם (במיל')",חיל הגנת הגבולות,M,56,כפר עזה,"רבש""צ היישוב. הועלה מדרגת רס""ר (במיל') לדרגת רס""ם (במיל') לאחר מותו."
2023-10-14,קאמיי אחיאל,סמל,זרוע הים,F,18,ראש העין,"לוחמת סנפיר בפלגה 914. הועלתה מדרגת רב""ט לדרגת סמל לאחר מותה."
2023-10-14,עומר ניסים ביתן,"רס""ל (במיל')",חטיבה 5,M,22,בנימינה,"לוחם בגדוד 8111 שבחטיבה 5. הועלה מדרגת סמ""ר (במיל') לדרגת רס""ל (במיל') לאחר מותו."
2023-10-07,אורי שמעון רוסו,"רס""ן (במיל')",חיל הגנת הגבולות,M,44,כפר עזה,חבר כיתת הכוננות ביישוב.
2023-10-07,אברהם גבריאל קורין,"רס""ם (במיל')",חיל הגנת הגבולות,M,56,חולית,"רבש""ץ ביישוב. הועלה מדרגת רס""ר (במיל') לדרגת רס""ם (במיל') לאחר מותו."
2023-10-07,אופיר שושני,"סמ""ר",חיל המודיעין,F,20,כפר עזה,"מפקדת כיתת טירונים בבסיס מפרשית, חיל המודיעין. הועלתה מדרגת סמל לדרגת סמ""ר לאחר מותה."
2023-10-07,ירון ויקטור שחר,"רס""ר (במיל')",חיל הגנת הגבולות,M,51,ניר יצחק,"רבש""ץ היישוב."
2023-10-07,רם נגבי,"רס""ן (במיל')",חיל הגנת הגבולות,M,57,עין השלושה,"רבש""ץ הישוב."
2023-10-07,דניאל ראשד,"סמ""ר",חטיבת גולני,M,19,שפרעם,"לוחם בגדוד 13 שבחטיבת גולני. הועלה מדרגת סמל לדרגת סמ""ר לאחר מותו."
2023-10-15,אמתי צבי גרנות,סרן,עוצבת סער מגולן (7),M,24,תל אביב,מפקד צוות בגדוד 75 שבעוצבת 'סער מגולן' (7). הועלה מדרגת סגן לדרגת סרן לאחר מותו.
2023-10-07,ליאל ויינשטיין,סמל,חיל הלוגיסטיקה,F,19,נתניה,"טבחית במפקדת חטיבת האש 215. הועלתה מדרגת רב""ט לדרגת סמל לאחר מותה."
2023-10-11,עידו קסלסי,"רס""ר (במיל')",חטיבת הקומנדו,M,23,הראל,"לוחם ביחידת מגלן, חטיבת הקומנדו. הועלה מדרגת רס""ל (במיל') לדרגת רס""ר (במיל') לאחר מותו."
2023-10-07,עמית וקס,"רס""ב (במיל')",חיל הגנת הגבולות,M,48,נתיב העשרה,"חבר כיתת הכוננות ביישוב. הועלה מדרגת רס""ם (במיל') לדרגת רס""ב (במיל') לאחר מותו."
2023-10-07,בועז אברהם,רס״ם (במיל׳),חיל הגנת הגבולות,M,61,ניר יצחק,חבר כיתת הכוננות ביישוב.
2023-10-07,נדב עמיקם,"רס""ם (במיל׳)",חיל הגנת הגבולות,M,39,כפר עזה,"חבר כיתת הכוננות ביישוב. הועלה מדרגת רס""ר (במיל') לדרגת רס""ם (במיל') לאחר מותו."
2023-10-07,אופיר מרדכי ירון,"רס""ם (במיל')",חיל הגנת הגבולות,M,51,מגן,חבר כיתת הכוננות ביישוב.
2023-10-07,שלו דגן,"סמ""ר",חטיבת גולני,M,20,קרית ים,"לוחם בגדוד 51 שבחטיבת גולני. הועלה מדרגת סמל לדרגת סמ""ר לאחר מותו."
2023-10-07,אופיר ארז,"רס""ן (במיל')",חיל הגנת הגבולות,M,57,סופה,חבר כיתת הכוננות בישוב.
2023-10-07,איתן חדד,"רס""ם (במיל')",חיל הגנת הגבולות,M,43,בארי,חבר כיתת כוננות ביישוב.
2023-10-07,יובל גבאי,"רס""ר (במיל')",חטיבה מרחבית שומרון,M,35,רחובות,מפקד כיתה בגדוד 8109 שבחטיבה מרחבית שומרון.
2023-10-07,טל אילון,"רס""ם (במיל')",חיל הגנת הגבולות,M,46,כפר עזה,חבר כיתת כוננות ביישוב.
2023-10-07,אופיר ליבשטין,"רס""ר (במיל')",חיל הגנת הגבולות,M,50,כפר עזה,ראש מועצת שער הנגב וחבר כיתת הכוננות ביישוב.
2023-10-07,חגי אבני,"רס""ם (במיל')",חיל הגנת הגבולות,M,50,בארי,חבר כיתת הכוננות ביישוב.
2023-10-07,אורן שטרן,"רס""ן (במיל')",חיל הגנת הגבולות,M,49,נתיב העשרה,חבר כיתת הכוננות ביישוב.
2023-10-07,אריה (אריק) קראוניק,"רס""ם (במיל')",חיל הגנת הגבולות,M,54,בארי,"רבש""ץ היישוב. הועלה מדרגת רס""ר (במיל') לדרגת רס""ם (במיל') לאחר מותו."
2023-10-07,איתי יהושע,סרן (במיל'),אגף המבצעים,M,36,חדיד,"לוחם ביחידה המטכ""לית לאבטחת אישים שבחטיבת המבצעים."
2023-10-07,רן פוסלושני,"רס""ם (במיל')",חיל הגנת הגבולות,M,48,נחל עוז,"חבר כיתת הכוננות בישוב. הועלה מדרגת רס""ר (במיל') לדרגת רס""ם (במיל') לאחר מותו."
2023-10-20,עומר בלוה,"רס""ל (במיל')",חטיבת אלכסנדרוני,M,22,הרצליה,"מפקד כיתה בגדוד 9203 שבחטיבת אלכסנדרוני. הועלה מדרגת סמ""ר (מיל') לדרגת רס""ל (מיל') לאחר מותו."
2023-10-22,תמיר ברק,סמל,חיל ההנדסה הקרבית,M,19,ניר אליהו,"לוחם צמ""ה בחיל ההנדסה הקרבית, נפל בפעילות מבצעית באזור כיסופים. הועלה מדרגת רב""ט לדרגת סמל לאחר מותו."
2023-10-07,זיו דדו,"רס""ב",חטיבת גולני,M,36,רחובות,"מנהל עבודה לוגיסטי בגדוד 51 שבחטיבת גולני. הועלה מדרגת רס""ם לדרגת רס""ב לאחר מותו."
2023-10-26,שהם משה בן הרוש,"סמ""ר","חטיבת הנח""ל",M,20,חספין,"לוחם בסיירת נח""ל, חטיבת הנח""ל. נפטר מפצעיו ב-26.10 לאחר שנפצע בקרב ב-7.10. הועלה מדרגת סמל לדרגת סמ""ר לאחר מותו."
2023-10-07,שיראל חיים פור,"סמ""ר",החטיבה הצפונית,F,20,ראשון לציון,"סמלת מבצעים מהחטיבה הצפונית. הועלתה מדרגת סמל לדרגת סמ""ר לאחר מותה."
2023-10-29,ינון פליישמן,"רס""ל (במיל')",עוצבת ברק (188),M,31,ירושלים,"לוחם שריון בגדוד 71 שבעוצבת 'ברק' (188), נפל כתוצאה מהתהפכות טנק בצפון הארץ."
2023-10-10,יאיר זלוף,"רס""ן",עוצבת עקבות הברזל (401),M,32,תל מונד,מפקד הפלוגה הכירורגית בחטיבה 401.
2023-10-26,מידן ישראל,"סא""ל",חיל הלוגיסטיקה,M,35,ירחיב,מפקד הספקה פיקודי שבפיקוד הדרום.
2023-10-31,לביא ליפשיץ,"סמ""ר",חטיבת גבעתי,M,20,מודיעין מכבים רעות,"לוחם בסיירת גבעתי, נפל בקרב בצפון רצועת עזה."
2023-10-31,רועי וולף,"סמ""ר",חטיבת גבעתי,M,20,רמת גן,"לוחם בסיירת גבעתי, נפל בקרב בצפון רצועת עזה."
2023-10-31,רועי דאוי,"סמ""ר",חטיבת גבעתי,M,20,ירושלים,"מפקד כיתה בגדוד צבר, חטיבת גבעתי, נפל בקרב בצפון רצועת עזה."
2023-10-31,ליאור סימינוביץ,סמל,חטיבת גבעתי,M,19,הרצליה,"לוחם בגדוד צבר, חטיבת גבעתי, נפל בקרב בצפון רצועת עזה. הועלה מדרגת רב""ט לדרגת סמל לאחר מותו."
2023-10-31,עידו עובדיה,סמל,חטיבת גבעתי,M,19,תל אביב,"לוחם בגדוד צבר, חטיבת גבעתי, נפל בקרב בצפון רצועת עזה. הועלה מדרגת רב""ט לדרגת סמל לאחר מותו."
2023-10-31,עדי ליאון,"סמ""ר",חטיבת גבעתי,M,20,"ניל""י","לוחם בגדוד צבר, חטיבת גבעתי, נפל בקרב בצפון רצועת עזה."
2023-10-31,ארז מישלובסקי,"סמ""ר",חטיבת גבעתי,M,20,אורנית,"לוחם בגדוד צבר, חטיבת גבעתי, נפל בקרב בצפון רצועת עזה."
2023-10-31,הלל סולומון,"סמ""ר",חטיבת גבעתי,M,20,דימונה,"לוחם בגדוד צבר, חטיבת גבעתי, נפל בקרב בצפון רצועת עזה. הועלה מדרגת סמל לדרגת סמ""ר לאחר מותו."
2023-10-31,עדי דנן,"סמ""ר",חטיבת גבעתי,M,20,יבנה,"מפקד כיתה בגדוד צבר, חטיבת גבעתי, נפל בקרב בצפון רצועת עזה. הועלה מדרגת סמל לדרגת סמ""ר לאחר מותו."
2023-10-31,אסיף לוגר,סמל,עוצבת סער מגולן (7),M,21,יגור,"לוחם בגדוד 77 שבעוצבת 'סער מגולן' (7), נפל בקרב בצפון רצועת עזה. הועלה מדרגת רב""ט לדרגת סמל לאחר מותו."
2023-10-31,אריאל רייך,סרן,עוצבת סער מגולן (7),M,24,ירושלים,"קצין שריון לוחם בגדוד 77 שבעוצבת 'סער מגולן' (7), נפל בקרב בצפון רצועת עזה. הועלה מדרגת סגן לדרגת סרן לאחר מותו."
2023-10-31,רועי סרגוסטי,"סמ""ר",חטיבת גבעתי,M,20,חוות נחל הרועה,"לוחם בגדוד צבר, חטיבת גבעתי, נפל בקרב בצפון רצועת עזה."
2023-10-31,שי ארוס,"סמ""ר",חטיבת גבעתי,M,20,חולון,"חובש קרבי בגדוד צבר, חטיבת גבעתי, נפל בקרב בצפון רצועת עזה."
2023-10-31,איתי יהודה,"סמ""ר",חטיבת גבעתי,M,20,ראשון לציון,"לוחם בגדוד צבר, חטיבת גבעתי, נפל בקרב בצפון רצועת עזה."
2023-10-31,פדיה מנחם מרק,סגן,חטיבת גבעתי,M,22,עתניאל,"מפקד מחלקה בגדוד צבר, חטיבת גבעתי, נפל בקרב בצפון רצועת עזה. הועלה מדרגת סג""ם לדרגת סגן לאחר מותו."
2023-11-01,שלו ציון שרעבי,"רס""ל (במיל')",חיל ההנדסה הקרבית,M,22,טנא עומרים,"לוחם הנדסה בגדוד 749, חטיבת ביסל""ח, נפל בפעילות מבצעית בעוטף עזה."
2023-11-01,יובל זילבר,סרן (מיל'),חטיבת הראל,M,25,רמת גן,"מ""מ בגדוד חי""ר 7007 שבחטיבת הראל, נפל בקרב בצפון רצועת עזה. הועלה מדרגת סגן (מיל') לדרגת סרן (מיל') לאחר מותו."
2023-11-02,סלמאן חבקה,"סא""ל",עוצבת ברק (188),M,33,יאנוח-ג'ת,"מפקד גדוד 53 שבעוצבת 'ברק' (188), נפל בקרב בצפון רצועת עזה."
2023-11-02,אלחנן אריאל קליין,"רס""ל (במיל')",חטיבת אפרים,M,29,עינב,"מפקד כיתה בגדוד 9221, חטיבת אפרים, נהרג בפיגוע ירי סמוך ליישוב עינב במרחב חטיבת מנשה."
2023-11-01,יאיר ניפוסי,"סמ""ר",חטיבת הצנחנים,M,20,עדי,"לוחם בגדוד 101, חטיבת הצנחנים, נפטר מפצעיו לאחר שנפצע בקרב בצפון רצועת עזה."
2023-11-02,גיל פישיץ,"רס""ם (במיל')",עוצבת עקבות הברזל (401),M,39,חריש,"לוחם שריון בגדוד 9 שבעוצבת 'עקבות הברזל' (401), נפל בקרב בצפון רצועת עזה. הועלה מדרגת רס""ר לדרגת רס""ם לאחר מותו."
2023-11-02,יהונתן יוסף ברנד,"רס""ר (במיל')",עוצבת עקבות הברזל (401),M,28,ירושלים,"לוחם שריון בגדוד 52 שבעוצבת 'עקבות הברזל' (401), נפל בקרב בצפון רצועת עזה. הועלה מדרגת רס""ל לדרגת רס""ר לאחר מותו."
2023-11-02,אוריה מש,"רס""ר (במיל')",עוצבת עקבות הברזל (401),M,41,טלמון,"לוחם שריון בגדוד 52 שבעוצבת 'עקבות הברזל' (401), נפל בקרב בצפון רצועת עזה."
2023-11-02,בני וייס,סרן,עוצבת בני-אור (460),M,22,חיפה,"מפקד מחלקה בגדוד 195 שבעוצבת 'בני-אור' (460), נפל בקרב בצפון רצועת עזה. הועלה מדרגת סגן לדרגת סרן לאחר מותו."
2023-11-02,איתי סעדון,"סמ""ר",עוצבת עקבות הברזל (401),M,21,הר חלוץ,"מפקד טנק בגדוד 52 שבעוצבת 'עקבות הברזל' (401), נפל בקרב בצפון רצועת עזה."
2023-11-03,ידידיה אליהו,"רס""ל (במיל')",חיל ההנדסה הקרבית,M,25,קרני שומרון,"לוחם בגדוד 8170 שבחיל ההנדסה הקרבית, נפל בקרב ברצועת עזה."
2023-10-07,ים גלס,"סמ""ר",חיל הגנת הגבולות,F,20,מודיעין מכבים רעות,"תצפיתנית בגדוד 414 שבחיל הגנת הגבולות. הועלתה מדרגת סמל לדרגת סמ""ר לאחר מותה."
2023-11-03,ליאור ארזי,"רס""ר",יחידת שלדג,M,25,גבעת חיים איחוד,"לוחם ופרמדיק ביחידת שלדג, נפל בקרב בצפון רצועת עזה. הועלה מדרגת רס""ל לדרגת רס""ר לאחר מותו."
2023-11-03,יונדב רז לוינשטיין,"סמ""ר",חטיבת גבעתי,M,23,מעלה אדומים,"לוחם בסיירת גבעתי, נפל בקרב בצפון רצועת עזה."
2023-11-03,גלעד נחמיה ניצן,"סמ""ר",חטיבת גבעתי,M,21,שילה,"לוחם בסיירת גבעתי, נפל בקרב בצפון רצועת עזה. הועלה מדרגת סמל לדרגת סמ""ר לאחר מותו."
2023-11-03,יהודה נתן כהן,"רס""ן",חטיבת גבעתי,M,25,שדמות מחולה,"מפקד פלוגה בסיירת גבעתי, נפל בקרב בצפון רצועת עזה. הועלה מדרגת סרן לדרגת רס""ן לאחר מותו."
2023-11-04,יהונתן מימון,סמל,"חטיבת הנח""ל",M,20,אופקים,"לוחם בסיירת נח""ל, נפל בצפון רצועת עזה. הועלה מדרגת רב""ט לדרגת סמל לאחר מותו."
2023-11-05,נערן אשחר,"רס""ר (במיל')",עוצבת ברק (188),M,33,שדמות מחולה,"בן יישוב מורשת, מפקד טנק בגדוד 71 שבעוצבת 'ברק' (188), נפטר מפצעיו לאחר שנפצע כתוצאה מהתהפכות טנק בצפון הארץ."
2023-11-05,שחר כהן מבטח,"סמ""ר",עוצבת עקבות הברזל (401),M,22,כרמיאל,"לוחם שריון בגדוד 9 שבעוצבת 'עקבות הברזל' (401), נפל בקרב בצפון רצועת עזה."
2023-11-07,יעקב עוזרי,"רס""ל (במיל')",עוצבת עקבות הברזל (401),M,28,כפר שמאי,"לוחם שריון בגדוד 52 שבעוצבת 'עקבות הברזל' (401), נפל בקרב בצפון רצועת עזה."
2023-11-07,יונתן חצור,"רס""ל",יחידת שלדג,M,22,קציר,"לוחם ביחידת שלדג, נפל בקרב בצפון רצועת עזה."
2023-11-08,נועם יוסף אבו,"סמ""ר","חטיבת הנח""ל",M,20,דימונה,"לוחם בגדוד 931, חטיבת הנח""ל, נפל בקרב בצפון רצועת עזה."
2023-11-08,אליהו בנימין אלמקייס,"רס""ר (במיל')",עוצבת חצי האש (551),M,29,ירושלים,"לוחם הנדסה בגדוד 8219 שבחטיבה 551, נפל בקרב במרכז רצועת עזה. הועלה מדרגת רס""ל (במיל') לדרגת רס""ר (במיל') לאחר מותו."
2023-11-09,דב משה (דובי) כוגן,"רס""ר (במיל')",יחידת שלדג,M,32,נוב,"לוחם ביחידת שלדג, נפל בקרב בעומק רצועת עזה."
2023-10-07,רוני אשל,סמל,חיל הגנת הגבולות,F,19,צור יצחק,"תצפיתנית בגדוד 414, חיל הגנת הגבולות. הועלתה מדרגת רב""ט לדרגת סמל לאחר מותה."
2023-11-10,גילעד רוזנבליט,"סמ""ר",עוצבת עקבות הברזל (401),M,21,גניגר,"חובש קרבי בגדוד 52 שבעוצבת 'עקבות הברזל' (401), נפל במהלך פעילות מבצעית בצפון רצועת עזה."
2023-11-10,יהונתן יצחק סמו,"סמ""ר",חטיבת הצנחנים,,0,כרמי צור,"לוחם בגדוד 202, בחטיבת הצנחנים, נפטר מפצעיו לאחר שנפצע בקרב במרכז רצועת עזה ב-8.11."
2023-11-10,מתן מאיר,"רס""ר (במיל')",עוצבת חצי האש (551),M,38,אודם,"לוחם בגדוד 697 שבחטיבה 551, נפל בקרב בצפון רצועת עזה."
2023-11-10,משה ידידיה לייטר,"רס""ן (במיל')",עוצבת חצי האש (551),M,39,עין צורים,"מ""פ בגדוד 697 שבחטיבה 551, שירת כמפקד פלגה ביחידת שלדג, נפל בקרב בצפון רצועת עזה."
2023-11-10,יוסף חיים (יוסי) הרשקוביץ,"רס""ם (במיל')",עוצבת חצי האש (551),M,44,גבעות,"לוחם בגדוד 697 שבחטיבה 551, נפל בקרב בצפון רצועת עזה."
2023-11-10,סרגיי שמרקין,"רס""ר (במיל')",עוצבת חצי האש (551),M,32,קרית שמונה,"לוחם בגדוד 697 שבחטיבה 551, נפל בקרב בצפון רצועת עזה. הועלה מדרגת רס""ל (במיל') לדרגת רס""ר (במיל') לאחר מותו."
2023-11-10,נתנאל (נתי) הרוש,"רס""ר (במיל')",חטיבת גבעתי,M,34,ירושלים,"לוחם ביחידת הסיוע המנהלתי 5084, חטיבת גבעתי, נפל במהלך פעילות מבצעית בצפון רצועת עזה. הועלה מדרגת רס""ל (במיל') לדרגת רס""ר (במיל') לאחר מותו."
2023-11-12,איתי שהם,"סמ""ר",חטיבת הקומנדו,M,21,ראש העין,"לוחם ביחידת אגוז, חטיבת הקומנדו, נפל בקרב בצפון רצועת עזה. הועלה מדרגת סמל לדרגת סמ""ר לאחר מותו."
2023-11-12,יששכר נתן,"רס""ן",חטיבת הקומנדו,M,28,קרית מלאכי,"קצין לוחם ביחידת מגלן, חטיבת הקומנדו, נפל בקרב בצפון רצועת עזה."
2023-11-13,רועי מרום,"סמ""ר","חטיבת ביסל""ח",M,21,רעננה,"מפקד כיתה בגדוד 906, ביסל״ח, שירת כלוחם בסיירת חרוב, נפל בקרב בצפון רצועת עזה."
2023-11-13,רז אבולעפיה,"רס""ר (במיל')",חטיבת הנגב (12),M,27,רשפון,"לוחם בגדוד 6863, חטיבת הנגב (12), נפל בקרב בצפון רצועת עזה. הועלה מדרגת רס""ל (במיל') לדרגת רס""ר (במיל') לאחר מותו."
,נועה מרציאנו,"רב""ט",חיל הגנת הגבולות,F,19,מודיעין,"בקרית איסוף יבשתי בגדוד 414, חיל הגנת הגבולות. הועלתה מדרגת טוראי לדרגת רב""ט לאחר מותה."
2023-11-14,ידידיה אשר לב,סרן,חטיבת גבעתי,M,26,טל מנשה,"סגן מפקד פלוגה בגדוד שקד שבחטיבת גבעתי, נפל בקרב בצפון רצועת עזה. הועלה מדרגת סגן לדרגת סרן לאחר מותו."
2023-11-14,עמרי יוסף דוד,סרן (במיל'),חטיבת הנגב (12),M,27,כרמיאל,"סגן מפקד פלוגה בגדוד 9217 שבחטיבת הנגב (12), נפל בקרב בצפון רצועת עזה."
2023-11-15,כפיר יצחק פרנקו,סרן,עוצבת עקבות הברזל (401),M,22,ירושלים,"מפקד מחלקה בגדוד 52 שבעוצבת 'עקבות הברזל' (401), נפל בקרב בצפון רצועת עזה. הועלה מדרגת סגן לדרגת סרן לאחר מותו."
2023-11-15,אסף מסטר,סרן,עוצבת עקבות הברזל (401),M,22,קיבוץ בחן,"מפקד מחלקה בגדוד 601 שבעוצבת 'עקבות הברזל' (401), נפל בקרב בצפון רצועת עזה. הועלה מדרגת סגן לדרגת סרן לאחר מותו."
2023-11-16,שלמה בן נון,סרן,חטיבת הצנחנים,M,22,מודיעין,"סגן מפקד פלוגה בגדוד 202, חטיבת הצנחנים, נפל במהלך פעילות מבצעית בצפון רצועת עזה. הועלה מדרגת סגן לדרגת סרן לאחר מותו."
2023-11-16,אברהם פטנה,"רב""ט",חיל המשטרה הצבאית,M,20,חיפה,"לוחם בגדוד ארז, חיל המשטרה הצבאית, נפל בפיגוע במחסום המנהרות בירושלים. הועלה מדרגת טוראי לדרגת רב""ט לאחר מותו."
2023-11-07,דוד (דודי) דגמי,"רס""ר (במיל')",החטיבה הדרומית,M,43,ראשון לציון,פרמדיק בחטיבה הדרומית באוגדת עזה.
2023-11-18,שלמה גורטובניק,"סמ""ר",עוצבת עקבות הברזל (401),M,21,מודיעין-מכבים-רעות,"חובש קרבי בגדוד 46 שבעוצבת 'עקבות הברזל' (401), נפל בקרב ברצועת עזה."
2023-11-18,עדן פרוביזור,סרן,עוצבת עקבות הברזל (401),M,21,אלפי מנשה,"מפקד מחלקה בגדוד 52 שבעוצבת 'עקבות הברזל' (401), נפל בקרב ברצועת עזה. הועלה מדרגת סגן לדרגת סרן לאחר מותו."
2023-11-18,עדי מאלכ חרב,"סמ""ר","חטיבת הנח""ל",M,19,בית ג'ן,"לוחם בסיירת נח""ל, חטיבת הנח""ל, נפל בקרב ברצועת עזה. הועלה מדרגת סמל לדרגת סמ""ר לאחר מותו."
2023-11-18,שחר פרידמן,"סמ""ר",חטיבת הצנחנים,M,21,ירושלים,"לוחם בגדוד 101, חטיבת הצנחנים, נפל בקרב ברצועת עזה."
2023-11-18,ג'מאל עבאס,"רס""ן",חטיבת הצנחנים,M,23,פקיעין,"מפקד פלוגה בגדוד 101 שבחטיבת הצנחנים, נפל בקרב ברצועת עזה. הועלה מדרגת סרן לדרגת רס""ן לאחר מותו."
2023-11-18,רועי ביבר,סרן (במיל'),חיל ההנדסה הקרבית,M,28,צור משה,"מפקד צוות ביחידת יהל""ם, נפל בקרב בצפון רצועת עזה."
2023-11-18,בנימין מאיר ארלי,סמל ,חטיבת הצנחנים,M,21,בית שמש,"לוחם בגדוד 101 שבחטיבת הצנחנים, נפל בקרב בצפון רצועת עזה. הועלה מדרגת רב""ט לדרגת סמל לאחר מותו. "
2023-11-18,יקיר ביטון,"רס""ר (במיל')",חטיבה 261,M,34,ירושלים,"לוחם בבגדוד 8717, חטיבה 261, נפל בקרב בצפון רצועת עזה."
2023-11-18,רני טחן,"רס""ם (במיל')",חטיבה 261,M,40,שדה נחמיה,"סמב""ץ בגדוד 8717, חטיבה 261, נפל בקרב בצפון רצועת עזה."
2023-11-18,חן יהלום,"רס""ן (במיל')",חיל התותחנים,M,34,"כפר אז""ר","קצין בגדוד 8159 של חיל התותחנים. הועלה מדרגת סרן (במיל') לדרגת רס""ן (במיל') לאחר מותו."
2023-11-19,גל מישאלוף,"סמ""ר",חטיבת גבעתי,M,21,מודיען,"לוחם בגדוד צבר, חטיבת גבעתי, נפל בקרב ברצועת עזה."
2023-11-19,אדיר פורטוגל,סרן (במיל'),חטיבת גבעתי,M,23,מזכרת בתיה,"קצין בגדוד שקד, חטיבת גבעתי, נפל בקרב ברצועת עזה. הועלה מדרגת סגן (במיל') לדרגת סרן (במיל') לאחר מותו."
2023-11-19,ינון תמיר,סמל,חטיבת הצנחנים,M,20,פרדס חנה-כרכור,"לוחם בגדוד 890, חטיבת הצנחנים, נפל בקרב בצפון&nbsp;רצועת&nbsp;עזה."
2023-11-19,דביר ברזני,"סמ""ר",חטיבת הצנחנים,M,20,ירושלים,"לוחם בגדוד 890, חטיבת הצנחנים, נפל בקרב בצפון רצועת עזה."
2023-11-20,איתן דישון,"סמ""ר",חטיבת גבעתי,M,21,ירושלים,"לוחם בסיירת גבעתי, חטיבת גבעתי, נפל בקרב בצפון רצועת עזה. הועלה מדרגת סמל לדרגת סמ""ר לאחר מותו."
2023-11-20,איליה סנקין,"סמ""ר",חטיבת גבעתי,M,20,נוף הגליל,"לוחם בגדוד רותם שבחטיבת גבעתי, נפל בקרב בצפון רצועת עזה. הועלה מדרגת סמל לדרגת סמ""ר לאחר מותו. "
2023-11-20,ארנון משה אברהם בנבניסטי וספי,סרן (במיל'),חטיבת גבעתי,M,26,יסוד המעלה,"קצין לוחם בסיירת גבעתי שבחטיבת גבעתי, נפל בקרב בצפון רצועת עזה."
2023-11-21,לירון שניר,סרן,חטיבת גולני,M,25,עפרה,"מפקד צוות בסיירת גולני, חטיבת גולני, נפל בקרב בצפון רצועת עזה. הועלה מדרגת סגן לדרגת סרן לאחר מותו."
2023-11-22,איתן דב רוזנצוויג,"סמ""ר",חטיבת גבעתי,M,21,אלון שבות,"לוחם בגדוד שקד שבחטיבת גבעתי, נפל בקרב בצפון רצועת עזה. הועלה מדרגת סמל לדרגת סמ""ר לאחר מותו. "
2023-10-07,תומר יעקב אחימס,"סמ""ר",חיל הרגלים,M,20,להבים,"קשר מפקד חטיבה, חלל צה""ל חטוף בידי ארגון טרור. הועלה מדרגת סמל לדרגת סמ""ר לאחר מותו."
2023-10-07,קיריל ברודסקי,סמל,חיל הרגלים,M,19,רמת גן,"חפ""ק מפקד חטיבה, חלל צה""ל חטוף בידי ארגון טרור. הועלה מדרגת רב""ט לדרגת סמל לאחר מותו."
2023-10-07,שקד דהן,סמל,עוצבת סער מגולן (7),M,19,עפולה,"לוחם בגדוד 77, עוצבת סער מגולן (7), חלל צה""ל חטוף בידי ארגון טרור. הועלה מדרגת רב""ט לדרגת סמל לאחר מותו."
2023-10-07,אסף חממי,"אל""ם ",חטיבה דרומית,M,41,קרית אונו,"מפקד חטיבה דרומית, נפל בקרב ב-7 באוקטובר, חלל צה""ל חטוף בידי ארגון טרור."
2023-12-02,אסצ'אלו סמה,"סמ""ר","חטיבת הנח""ל",M,20,פתח תקווה,"לוחם בגדוד 932, חטיבת הנח""ל, מת מפצעיו אמש לאחר שנפצע בקרב ב-14.11.23 בצפון רצועת עזה. הועלה מדרגת סמל לדרגת סמ""ר לאחר מותו."
2023-12-02,אור ברנדס,"רס""ר (מיל')",עוצבת סער מגולן (7),M,25,שוהם,"לוחם בגדוד 82, חטיבה 7 ('עוצבת סער מגולן'), נפל בקרב במרכז רצועת עזה. הועלה מדרגת רס""ל (במיל') לדרגת רס""ר (במיל') לאחר מותו."
2023-12-03,בן זוסמן,"רס""ל (מיל') ",עוצבת עקבות הברזל (401),M,22,ירושלים,"לוחם בחטיבה 401 ('עוצבת עקבות הברזל'), חיל ההנדסה הקרבית, נפל בקרב בצפון רצועת עזה. הועלה מדרגת סמ""ר לדרגת רס""ל (במיל') לאחר מותו."
2023-12-03,נריה שאער,"רס""ם",עוצבת חוד החנית (55),M,36,יבנה,"לוחם בגדוד 6655 שבחטיבה 55 ('עוצבת חוד החנית'), נפל בקרב בצפון רצועת עזה. הועלה מדרגת רס""ר (במיל') לדרגת רס""ם (במיל') לאחר מותו."
2023-12-03,בנימין יהושע נידהם,סמל,עוצבת עקבות הברזל (401),M,19,זכרון יעקב,"לוחם בחטיבה 401 ('עוצבת עקבות הברזל'), חיל ההנדסה הקרבית, נפל בקרב בצפון רצועת עזה. הועלה מדרגת רב""ט לדרגת סמל לאחר מותו."
2023-12-04,תובל יעקב צנעני,"סמ""ר",עוצבת ברק (188),M,20,קרית גת,"לוחם שריון בגדוד 53 שבעוצבת 'ברק' (188), נפל בקרב ברצועת עזה. הועלה מדרגת סמל לדרגת סמ""ר לאחר מותו."
2023-12-04,יקיר ידידיה שינקולבסקי,סמל,עוצבת ברק (188),M,21,מגדל עוז,"לוחם שריון בגדוד 53 שבעוצבת 'ברק' (188) נפל בקרב ברצועת עזה. הועלה מדרגת רב""ט לדרגת סמל לאחר מותו."
2023-12-04,איתן פיש,סרן,עוצבת ברק (188),M,23,פדואל,"קצין שריון לוחם בגדוד 53, שבעוצבת 'ברק' (188), נפל בקרב ברצועת עזה. הועלה מדרגת סגן לדרגת סרן לאחר מותו."
2023-12-04,יהל גזית,סרן,עוצבת ברק (188),M,24,רקפת,"סגן מפקד פלוגה בגדוד 53, שבעוצבת 'ברק' (188), נפל בקרב ברצועת עזה. הועלה מדרגת סגן לדרגת סרן לאחר מותו."
2023-12-04,גיל דניאלס,"רס""ר (במיל')",חטיבה 261,M,34,אשדוד,"לוחם בפלוגת סיור בגדוד 6261, חטיבה 261, נפל בקרב ברצועת עזה. הועלה מדרגת רס""ל (במיל') לדרגת רס""ר (במיל') לאחר מותו."
2023-12-05,מתן דמארי,"רס""ר (במיל')",חטיבת האש (215),M,31,דימונה,"מפקד כיתה בפלוגת הסיור של חטיבת האש (215), נפל בקרב ברצועת עזה."
2023-12-05,עילי אליהו כהן,"רס""ר (במיל')",עוצבת חצי האש (551),M,23,בית נחמיה,"לוחם בגדוד 7008, שבעוצבת 'חצי האש' (551), נפל בקרב ברצועת עזה. הועלה מדרגת רס""ל (במיל') לדרגת רס""ר (במיל') לאחר מותו."
2023-12-05,יהונתן מלכה,"רס""ל (במיל')",עוצבת סער מגולן (7),M,23,באר שבע,"לוחם שיריון בגדוד 82, שבעוצבת 'סער מגולן' (7), נפל בקרב ברצועת עזה."
2023-12-05,יוחאי גור הרשברג,"סא""ל",עוצבת האש (אוגדה 98),M,52,חוות פיליפ,"מפקד יחידת איתור נעדרים בעוצבת האש (אוגדה 98), נפל בתאנות דרכים צבאית בדרום הארץ."
